{
  "name": "Summary Indexing + Re-Ranking",
  "average_precision": 0.4433333333333333,
  "average_recall": 0.7033333333333333,
  "average_f1": 0.5438565891472867,
  "average_mrr": 0.85,
  "end_to_end_accuracy": 0.8
}